rsid	source	chrom	start	end
rs10872142	dbSNP	6	116369052	116369052
rs10889356	dbSNP	1	63155349	63155349
rs10941679	dbSNP	5	44706498	44706498
rs111961716	dbSNP	19	17398085	17398085
rs12740374	dbSNP	1	109817590	109817590
rs1421085	dbSNP	16	53800954	53800954
rs1427407	dbSNP	2	60718043	60718043
rs2277862	dbSNP	20	34152782	34152782
rs356168	dbSNP	4	90674431	90674431
rs378854	dbSNP	8	128323819	128323819
rs4442975	dbSNP	2	217920769	217920769
rs4500960	dbSNP	2	162818621	162818621
rs554219	dbSNP	11	69331642	69331642
rs56069439	dbSNP	19	17393925	17393925
rs7463708	dbSNP	8	128104055	128104055
rs75915166	dbSNP	11	69379161	69379161
rs7606173	dbSNP	2	60725451	60725451
rs78540526	dbSNP	11	69331418	69331418
rs9349379	dbSNP	6	12903957	12903957
rs9840993	dbSNP	3	123457893	123457893
